<?xml version="1.0" ?>
<net batch="1" name="head-pose-estimation-adas-0001" version="6">
	<layers>
		<layer id="0" name="data" precision="FP32" type="Input">
			<output>
				<port id="0">
					<dim>1</dim>
					<dim>3</dim>
					<dim>60</dim>
					<dim>60</dim>
				</port>
			</output>
		</layer>
		<layer id="1" name="Mul_/Fused_Mul_/FusedScaleShift_" precision="FP32" type="ScaleShift">
			<input>
				<port id="0">
					<dim>1</dim>
					<dim>3</dim>
					<dim>60</dim>
					<dim>60</dim>
				</port>
			</input>
			<output>
				<port id="3">
					<dim>1</dim>
					<dim>3</dim>
					<dim>60</dim>
					<dim>60</dim>
				</port>
			</output>
			<blobs>
				<weights offset="0" size="12"/>
				<biases offset="12" size="12"/>
			</blobs>
		</layer>
		<layer id="2" name="conv1" precision="FP32" type="Convolution">
			<data dilations="1,1" group="1" kernel="3,3" output="32" pads_begin="1,1" pads_end="1,1" strides="1,1"/>
			<input>
				<port id="0">
					<dim>1</dim>
					<dim>3</dim>
					<dim>60</dim>
					<dim>60</dim>
				</port>
			</input>
			<output>
				<port id="3">
					<dim>1</dim>
					<dim>32</dim>
					<dim>60</dim>
					<dim>60</dim>
				</port>
			</output>
			<blobs>
				<weights offset="24" size="3456"/>
				<biases offset="3480" size="128"/>
			</blobs>
		</layer>
		<layer id="3" name="relu_conv1" precision="FP32" type="ReLU">
			<input>
				<port id="0">
					<dim>1</dim>
					<dim>32</dim>
					<dim>60</dim>
					<dim>60</dim>
				</port>
			</input>
			<output>
				<port id="1">
					<dim>1</dim>
					<dim>32</dim>
					<dim>60</dim>
					<dim>60</dim>
				</port>
			</output>
		</layer>
		<layer id="4" name="Mul_993/FusedScaleShift_" precision="FP32" type="ScaleShift">
			<input>
				<port id="0">
					<dim>1</dim>
					<dim>32</dim>
					<dim>60</dim>
					<dim>60</dim>
				</port>
			</input>
			<output>
				<port id="3">
					<dim>1</dim>
					<dim>32</dim>
					<dim>60</dim>
					<dim>60</dim>
				</port>
			</output>
			<blobs>
				<weights offset="3608" size="128"/>
				<biases offset="3736" size="128"/>
			</blobs>
		</layer>
		<layer id="5" name="pool1" precision="FP32" type="Convolution">
			<data dilations="1,1" group="1" kernel="3,3" output="16" pads_begin="1,1" pads_end="1,1" strides="2,2"/>
			<input>
				<port id="0">
					<dim>1</dim>
					<dim>32</dim>
					<dim>60</dim>
					<dim>60</dim>
				</port>
			</input>
			<output>
				<port id="3">
					<dim>1</dim>
					<dim>16</dim>
					<dim>30</dim>
					<dim>30</dim>
				</port>
			</output>
			<blobs>
				<weights offset="3864" size="18432"/>
				<biases offset="22296" size="64"/>
			</blobs>
		</layer>
		<layer id="6" name="conv2" precision="FP32" type="Convolution">
			<data dilations="1,1" group="1" kernel="3,3" output="64" pads_begin="1,1" pads_end="1,1" strides="1,1"/>
			<input>
				<port id="0">
					<dim>1</dim>
					<dim>16</dim>
					<dim>30</dim>
					<dim>30</dim>
				</port>
			</input>
			<output>
				<port id="3">
					<dim>1</dim>
					<dim>64</dim>
					<dim>30</dim>
					<dim>30</dim>
				</port>
			</output>
			<blobs>
				<weights offset="22360" size="36864"/>
				<biases offset="59224" size="256"/>
			</blobs>
		</layer>
		<layer id="7" name="relu_conv2" precision="FP32" type="ReLU">
			<input>
				<port id="0">
					<dim>1</dim>
					<dim>64</dim>
					<dim>30</dim>
					<dim>30</dim>
				</port>
			</input>
			<output>
				<port id="1">
					<dim>1</dim>
					<dim>64</dim>
					<dim>30</dim>
					<dim>30</dim>
				</port>
			</output>
		</layer>
		<layer id="8" name="Mul_1008/FusedScaleShift_" precision="FP32" type="ScaleShift">
			<input>
				<port id="0">
					<dim>1</dim>
					<dim>64</dim>
					<dim>30</dim>
					<dim>30</dim>
				</port>
			</input>
			<output>
				<port id="3">
					<dim>1</dim>
					<dim>64</dim>
					<dim>30</dim>
					<dim>30</dim>
				</port>
			</output>
			<blobs>
				<weights offset="59480" size="256"/>
				<biases offset="59736" size="256"/>
			</blobs>
		</layer>
		<layer id="9" name="pool2" precision="FP32" type="Pooling">
			<data exclude-pad="true" kernel="3,3" pads_begin="0,0" pads_end="0,0" pool-method="max" rounding_type="ceil" strides="2,2"/>
			<input>
				<port id="0">
					<dim>1</dim>
					<dim>64</dim>
					<dim>30</dim>
					<dim>30</dim>
				</port>
			</input>
			<output>
				<port id="1">
					<dim>1</dim>
					<dim>64</dim>
					<dim>15</dim>
					<dim>15</dim>
				</port>
			</output>
		</layer>
		<layer id="10" name="conv3" precision="FP32" type="Convolution">
			<data dilations="1,1" group="1" kernel="3,3" output="128" pads_begin="1,1" pads_end="1,1" strides="1,1"/>
			<input>
				<port id="0">
					<dim>1</dim>
					<dim>64</dim>
					<dim>15</dim>
					<dim>15</dim>
				</port>
			</input>
			<output>
				<port id="3">
					<dim>1</dim>
					<dim>128</dim>
					<dim>15</dim>
					<dim>15</dim>
				</port>
			</output>
			<blobs>
				<weights offset="59992" size="294912"/>
				<biases offset="354904" size="512"/>
			</blobs>
		</layer>
		<layer id="11" name="relu_conv3" precision="FP32" type="ReLU">
			<input>
				<port id="0">
					<dim>1</dim>
					<dim>128</dim>
					<dim>15</dim>
					<dim>15</dim>
				</port>
			</input>
			<output>
				<port id="1">
					<dim>1</dim>
					<dim>128</dim>
					<dim>15</dim>
					<dim>15</dim>
				</port>
			</output>
		</layer>
		<layer id="12" name="Mul_1014/FusedScaleShift_" precision="FP32" type="ScaleShift">
			<input>
				<port id="0">
					<dim>1</dim>
					<dim>128</dim>
					<dim>15</dim>
					<dim>15</dim>
				</port>
			</input>
			<output>
				<port id="3">
					<dim>1</dim>
					<dim>128</dim>
					<dim>15</dim>
					<dim>15</dim>
				</port>
			</output>
			<blobs>
				<weights offset="355416" size="512"/>
				<biases offset="355928" size="512"/>
			</blobs>
		</layer>
		<layer id="13" name="pool3" precision="FP32" type="Convolution">
			<data dilations="1,1" group="1" kernel="3,3" output="64" pads_begin="1,1" pads_end="1,1" strides="2,2"/>
			<input>
				<port id="0">
					<dim>1</dim>
					<dim>128</dim>
					<dim>15</dim>
					<dim>15</dim>
				</port>
			</input>
			<output>
				<port id="3">
					<dim>1</dim>
					<dim>64</dim>
					<dim>8</dim>
					<dim>8</dim>
				</port>
			</output>
			<blobs>
				<weights offset="356440" size="294912"/>
				<biases offset="651352" size="256"/>
			</blobs>
		</layer>
		<layer id="14" name="conv4" precision="FP32" type="Convolution">
			<data dilations="1,1" group="1" kernel="3,3" output="128" pads_begin="1,1" pads_end="1,1" strides="1,1"/>
			<input>
				<port id="0">
					<dim>1</dim>
					<dim>64</dim>
					<dim>8</dim>
					<dim>8</dim>
				</port>
			</input>
			<output>
				<port id="3">
					<dim>1</dim>
					<dim>128</dim>
					<dim>8</dim>
					<dim>8</dim>
				</port>
			</output>
			<blobs>
				<weights offset="651608" size="294912"/>
				<biases offset="946520" size="512"/>
			</blobs>
		</layer>
		<layer id="15" name="relu_conv4" precision="FP32" type="ReLU">
			<input>
				<port id="0">
					<dim>1</dim>
					<dim>128</dim>
					<dim>8</dim>
					<dim>8</dim>
				</port>
			</input>
			<output>
				<port id="1">
					<dim>1</dim>
					<dim>128</dim>
					<dim>8</dim>
					<dim>8</dim>
				</port>
			</output>
		</layer>
		<layer id="16" name="Mul_996/FusedScaleShift_" precision="FP32" type="ScaleShift">
			<input>
				<port id="0">
					<dim>1</dim>
					<dim>128</dim>
					<dim>8</dim>
					<dim>8</dim>
				</port>
			</input>
			<output>
				<port id="3">
					<dim>1</dim>
					<dim>128</dim>
					<dim>8</dim>
					<dim>8</dim>
				</port>
			</output>
			<blobs>
				<weights offset="947032" size="512"/>
				<biases offset="947544" size="512"/>
			</blobs>
		</layer>
		<layer id="17" name="pool4" precision="FP32" type="Pooling">
			<data exclude-pad="true" kernel="3,3" pads_begin="0,0" pads_end="0,0" pool-method="max" rounding_type="ceil" strides="2,2"/>
			<input>
				<port id="0">
					<dim>1</dim>
					<dim>128</dim>
					<dim>8</dim>
					<dim>8</dim>
				</port>
			</input>
			<output>
				<port id="1">
					<dim>1</dim>
					<dim>128</dim>
					<dim>4</dim>
					<dim>4</dim>
				</port>
			</output>
		</layer>
		<layer id="18" name="conv5" precision="FP32" type="Convolution">
			<data dilations="1,1" group="1" kernel="3,3" output="256" pads_begin="1,1" pads_end="1,1" strides="1,1"/>
			<input>
				<port id="0">
					<dim>1</dim>
					<dim>128</dim>
					<dim>4</dim>
					<dim>4</dim>
				</port>
			</input>
			<output>
				<port id="3">
					<dim>1</dim>
					<dim>256</dim>
					<dim>4</dim>
					<dim>4</dim>
				</port>
			</output>
			<blobs>
				<weights offset="948056" size="1179648"/>
				<biases offset="2127704" size="1024"/>
			</blobs>
		</layer>
		<layer id="19" name="relu_conv5" precision="FP32" type="ReLU">
			<input>
				<port id="0">
					<dim>1</dim>
					<dim>256</dim>
					<dim>4</dim>
					<dim>4</dim>
				</port>
			</input>
			<output>
				<port id="1">
					<dim>1</dim>
					<dim>256</dim>
					<dim>4</dim>
					<dim>4</dim>
				</port>
			</output>
		</layer>
		<layer id="20" name="Mul_1005/FusedScaleShift_" precision="FP32" type="ScaleShift">
			<input>
				<port id="0">
					<dim>1</dim>
					<dim>256</dim>
					<dim>4</dim>
					<dim>4</dim>
				</port>
			</input>
			<output>
				<port id="3">
					<dim>1</dim>
					<dim>256</dim>
					<dim>4</dim>
					<dim>4</dim>
				</port>
			</output>
			<blobs>
				<weights offset="2128728" size="1024"/>
				<biases offset="2129752" size="1024"/>
			</blobs>
		</layer>
		<layer id="21" name="conv_fm" precision="FP32" type="Convolution">
			<data dilations="1,1" group="1" kernel="3,3" output="512" pads_begin="0,0" pads_end="0,0" strides="1,1"/>
			<input>
				<port id="0">
					<dim>1</dim>
					<dim>256</dim>
					<dim>4</dim>
					<dim>4</dim>
				</port>
			</input>
			<output>
				<port id="3">
					<dim>1</dim>
					<dim>512</dim>
					<dim>2</dim>
					<dim>2</dim>
				</port>
			</output>
			<blobs>
				<weights offset="2130776" size="4718592"/>
				<biases offset="6849368" size="2048"/>
			</blobs>
		</layer>
		<layer id="22" name="angle_p" precision="FP32" type="Convolution">
			<data dilations="1,1" group="1" kernel="1,1" output="128" pads_begin="0,0" pads_end="0,0" strides="1,1"/>
			<input>
				<port id="0">
					<dim>1</dim>
					<dim>512</dim>
					<dim>2</dim>
					<dim>2</dim>
				</port>
			</input>
			<output>
				<port id="3">
					<dim>1</dim>
					<dim>128</dim>
					<dim>2</dim>
					<dim>2</dim>
				</port>
			</output>
			<blobs>
				<weights offset="6851416" size="262144"/>
				<biases offset="7113560" size="512"/>
			</blobs>
		</layer>
		<layer id="23" name="relu_p_1" precision="FP32" type="ReLU">
			<input>
				<port id="0">
					<dim>1</dim>
					<dim>128</dim>
					<dim>2</dim>
					<dim>2</dim>
				</port>
			</input>
			<output>
				<port id="1">
					<dim>1</dim>
					<dim>128</dim>
					<dim>2</dim>
					<dim>2</dim>
				</port>
			</output>
		</layer>
		<layer id="24" name="angle_p_fc" precision="FP32" type="FullyConnected">
			<data out-size="1"/>
			<input>
				<port id="0">
					<dim>1</dim>
					<dim>128</dim>
					<dim>2</dim>
					<dim>2</dim>
				</port>
			</input>
			<output>
				<port id="3">
					<dim>1</dim>
					<dim>1</dim>
				</port>
			</output>
			<blobs>
				<weights offset="7114072" size="2048"/>
				<biases offset="7116120" size="4"/>
			</blobs>
		</layer>
		<layer id="25" name="angle_r" precision="FP32" type="Convolution">
			<data dilations="1,1" group="1" kernel="1,1" output="128" pads_begin="0,0" pads_end="0,0" strides="1,1"/>
			<input>
				<port id="0">
					<dim>1</dim>
					<dim>512</dim>
					<dim>2</dim>
					<dim>2</dim>
				</port>
			</input>
			<output>
				<port id="3">
					<dim>1</dim>
					<dim>128</dim>
					<dim>2</dim>
					<dim>2</dim>
				</port>
			</output>
			<blobs>
				<weights offset="7116124" size="262144"/>
				<biases offset="7378268" size="512"/>
			</blobs>
		</layer>
		<layer id="26" name="relu_r_1" precision="FP32" type="ReLU">
			<input>
				<port id="0">
					<dim>1</dim>
					<dim>128</dim>
					<dim>2</dim>
					<dim>2</dim>
				</port>
			</input>
			<output>
				<port id="1">
					<dim>1</dim>
					<dim>128</dim>
					<dim>2</dim>
					<dim>2</dim>
				</port>
			</output>
		</layer>
		<layer id="27" name="angle_r_fc" precision="FP32" type="FullyConnected">
			<data out-size="1"/>
			<input>
				<port id="0">
					<dim>1</dim>
					<dim>128</dim>
					<dim>2</dim>
					<dim>2</dim>
				</port>
			</input>
			<output>
				<port id="3">
					<dim>1</dim>
					<dim>1</dim>
				</port>
			</output>
			<blobs>
				<weights offset="7378780" size="2048"/>
				<biases offset="7380828" size="4"/>
			</blobs>
		</layer>
		<layer id="28" name="angle_y" precision="FP32" type="Convolution">
			<data dilations="1,1" group="1" kernel="1,1" output="128" pads_begin="0,0" pads_end="0,0" strides="1,1"/>
			<input>
				<port id="0">
					<dim>1</dim>
					<dim>512</dim>
					<dim>2</dim>
					<dim>2</dim>
				</port>
			</input>
			<output>
				<port id="3">
					<dim>1</dim>
					<dim>128</dim>
					<dim>2</dim>
					<dim>2</dim>
				</port>
			</output>
			<blobs>
				<weights offset="7380832" size="262144"/>
				<biases offset="7642976" size="512"/>
			</blobs>
		</layer>
		<layer id="29" name="relu_y_1" precision="FP32" type="ReLU">
			<input>
				<port id="0">
					<dim>1</dim>
					<dim>128</dim>
					<dim>2</dim>
					<dim>2</dim>
				</port>
			</input>
			<output>
				<port id="1">
					<dim>1</dim>
					<dim>128</dim>
					<dim>2</dim>
					<dim>2</dim>
				</port>
			</output>
		</layer>
		<layer id="30" name="angle_y_fc" precision="FP32" type="FullyConnected">
			<data out-size="1"/>
			<input>
				<port id="0">
					<dim>1</dim>
					<dim>128</dim>
					<dim>2</dim>
					<dim>2</dim>
				</port>
			</input>
			<output>
				<port id="3">
					<dim>1</dim>
					<dim>1</dim>
				</port>
			</output>
			<blobs>
				<weights offset="7643488" size="2048"/>
				<biases offset="7645536" size="4"/>
			</blobs>
		</layer>
	</layers>
	<edges>
		<edge from-layer="0" from-port="0" to-layer="1" to-port="0"/>
		<edge from-layer="1" from-port="3" to-layer="2" to-port="0"/>
		<edge from-layer="2" from-port="3" to-layer="3" to-port="0"/>
		<edge from-layer="3" from-port="1" to-layer="4" to-port="0"/>
		<edge from-layer="4" from-port="3" to-layer="5" to-port="0"/>
		<edge from-layer="5" from-port="3" to-layer="6" to-port="0"/>
		<edge from-layer="6" from-port="3" to-layer="7" to-port="0"/>
		<edge from-layer="7" from-port="1" to-layer="8" to-port="0"/>
		<edge from-layer="8" from-port="3" to-layer="9" to-port="0"/>
		<edge from-layer="9" from-port="1" to-layer="10" to-port="0"/>
		<edge from-layer="10" from-port="3" to-layer="11" to-port="0"/>
		<edge from-layer="11" from-port="1" to-layer="12" to-port="0"/>
		<edge from-layer="12" from-port="3" to-layer="13" to-port="0"/>
		<edge from-layer="13" from-port="3" to-layer="14" to-port="0"/>
		<edge from-layer="14" from-port="3" to-layer="15" to-port="0"/>
		<edge from-layer="15" from-port="1" to-layer="16" to-port="0"/>
		<edge from-layer="16" from-port="3" to-layer="17" to-port="0"/>
		<edge from-layer="17" from-port="1" to-layer="18" to-port="0"/>
		<edge from-layer="18" from-port="3" to-layer="19" to-port="0"/>
		<edge from-layer="19" from-port="1" to-layer="20" to-port="0"/>
		<edge from-layer="20" from-port="3" to-layer="21" to-port="0"/>
		<edge from-layer="21" from-port="3" to-layer="22" to-port="0"/>
		<edge from-layer="22" from-port="3" to-layer="23" to-port="0"/>
		<edge from-layer="23" from-port="1" to-layer="24" to-port="0"/>
		<edge from-layer="21" from-port="3" to-layer="25" to-port="0"/>
		<edge from-layer="25" from-port="3" to-layer="26" to-port="0"/>
		<edge from-layer="26" from-port="1" to-layer="27" to-port="0"/>
		<edge from-layer="21" from-port="3" to-layer="28" to-port="0"/>
		<edge from-layer="28" from-port="3" to-layer="29" to-port="0"/>
		<edge from-layer="29" from-port="1" to-layer="30" to-port="0"/>
	</edges>
	<meta_data>
		<MO_version value="2019.2.0-402-g82c4801"/>
		<cli_parameters>
			<blobs_as_inputs value="False"/>
			<caffe_parser_path value="DIR"/>
			<data_type value="FP32"/>
			<disable_nhwc_to_nchw value="False"/>
			<disable_omitting_optional value="False"/>
			<disable_resnet_optimization value="False"/>
			<enable_concat_optimization value="False"/>
			<enable_flattening_nested_params value="False"/>
			<enable_ssd_gluoncv value="False"/>
			<extensions value="DIR"/>
			<framework value="caffe"/>
			<freeze_placeholder_with_value value="{}"/>
			<generate_experimental_IR_V10 value="False"/>
			<input value="data"/>
			<input_model value="DIR/headpos_net.caffemodel"/>
			<input_model_is_text value="False"/>
			<input_proto value="DIR/headpos_net.prototxt"/>
			<input_shape value="[1,3,60,60]"/>
			<k value="DIR/CustomLayersMapping.xml"/>
			<keep_quantize_ops_in_IR value="False"/>
			<keep_shape_ops value="False"/>
			<legacy_mxnet_model value="False"/>
			<log_level value="ERROR"/>
			<mean_scale_values value="{'data': {'mean': array([120., 110., 104.]), 'scale': array([256.41025641])}}"/>
			<mean_values value="data[120.0,110.0,104.0]"/>
			<model_name value="head-pose-estimation-adas-0001"/>
			<move_to_preprocess value="False"/>
			<output value="['angle_r_fc', 'angle_p_fc', 'angle_y_fc']"/>
			<output_dir value="DIR"/>
			<placeholder_shapes value="{'data': array([ 1,  3, 60, 60])}"/>
			<remove_output_softmax value="False"/>
			<reverse_input_channels value="False"/>
			<save_params_from_nd value="False"/>
			<scale_values value="data[256.4102564102564]"/>
			<silent value="False"/>
			<version value="False"/>
			<unset unset_cli_parameters="batch, counts, disable_fusing, disable_gfusing, finegrain_fusing, generate_deprecated_IR_V2, input_checkpoint, input_meta_graph, input_symbol, mean_file, mean_file_offsets, nd_prefix_name, pretrained_model_name, saved_model_dir, saved_model_tags, scale, tensorboard_logdir, tensorflow_custom_layer_libraries, tensorflow_custom_operations_config_update, tensorflow_object_detection_api_pipeline_config, tensorflow_operation_patterns, tensorflow_subgraph_patterns, tensorflow_use_custom_operations_config"/>
		</cli_parameters>
	</meta_data>
</net>
